{"epoch": 49, "loss": 0.2407543020929609, "val_loss": 0.24078777013506208, "_timestamp": 1681334006.8111491, "_runtime": 1759.6590280532837, "_step": 49, "_wandb": {"runtime": 1760}}