{"epoch": 49, "loss": 0.01311631472834519, "val_loss": 0.013312490224838257, "_timestamp": 1681325068.65046, "_runtime": 2498.694772005081, "_step": 49, "_wandb": {"runtime": 2500}}