{"epoch": 49, "loss": 3.0730889938280165e-05, "val_loss": 0.0006369143375195563, "_timestamp": 1682724443.047327, "_runtime": 498.5356740951538, "_step": 49, "_wandb": {"runtime": 493}}