{"epoch": 49, "loss": 4.4439679192855155e-05, "val_loss": 0.0007156998035497963, "_timestamp": 1682726279.803801, "_runtime": 1353.7256290912628, "_step": 49, "_wandb": {"runtime": 1348}}