{"epoch": 49, "loss": 7.212707013908926e-05, "val_loss": 0.0008426771964877844, "_timestamp": 1682715932.5130649, "_runtime": 491.8897409439087, "_step": 49, "_wandb": {"runtime": 491}}