{"epoch": 2, "loss": 0.0, "_timestamp": 1669844707.213848, "_runtime": 113.04327917098999, "_step": 3599, "_wandb": {"runtime": 102}}