{"epoch": 49, "loss": 0.0009085492398589849, "val_loss": 0.0008944275890077864, "_timestamp": 1681332024.317507, "_runtime": 6298.454132080078, "_step": 49, "_wandb": {"runtime": 6299}}