{"epoch": 49, "loss": 0.00011226622985746612, "val_loss": 0.0015059404540807009, "_timestamp": 1682730008.309095, "_runtime": 530.9370958805084, "_step": 49, "_wandb": {"runtime": 525}}