{"epoch": 49, "loss": 6.852435136563477e-05, "val_loss": 0.0006461095763370395, "_timestamp": 1682722977.92509, "_runtime": 526.9703359603882, "_step": 49, "_wandb": {"runtime": 526}}