{"epoch": 1, "loss": 0.0, "_timestamp": 1669844050.507926, "_runtime": 82.32002401351929, "_step": 2399, "_wandb": {"runtime": 80}}