{"epoch": 49, "loss": 0.1801184034347534, "val_loss": 0.18024101829528807, "_timestamp": 1681338904.8936598, "_runtime": 4117.963243722916, "_step": 49, "_wandb": {"runtime": 4119}}