{"epoch": 49, "loss": 4.6036552908516014e-05, "val_loss": 0.001097781234420836, "_timestamp": 1682722344.806519, "_runtime": 516.1962101459503, "_step": 49, "_wandb": {"runtime": 515}}