{"epoch": 49, "loss": 5.2717626522763794e-05, "val_loss": 0.0009706032578833401, "_timestamp": 1682716738.12377, "_runtime": 496.8444800376892, "_step": 49, "_wandb": {"runtime": 496}}